img: 565a1000, 565acd0f
calloc, f7f0c0a8, f7f0c0ad, 2ed
malloc, f7f1989e, f7f198a3, 2ed
f7f28940
f7f28940
calloc, f7f0c0a8, f7f0c0ad, 26d
malloc, f7f1989e, f7f198a3, 26d
f7f28c30
f7f28c30
malloc, f7f040a0, f7f040a5, 10
f7f28ea0
malloc, f7f0fc05, f7f0fc0a, 57
f7f28eb0
malloc, f7f092a0, f7f092a5, 14
f7f28f10
malloc, f7f092de, f7f092e3, f0
cd3df000
malloc, f7f1b9e1, f7f1b9e6, 11
cd3df0f0
calloc, f7f0c0a8, f7f0c0ad, 276
malloc, f7f1989e, f7f198a3, 276
cd3df110
cd3df110
malloc, f7f0c36f, f7f0c374, 11
cd3df390
malloc, f7f1b9e1, f7f1b9e6, 11
cd3df3b0
calloc, f7f0c0a8, f7f0c0ad, 276
malloc, f7f1989e, f7f198a3, 276
cd3df3d0
cd3df3d0
malloc, f7f0c36f, f7f0c374, 11
cd3df650
malloc, f7f0edd7, f7f0eddc, 1c
cd3df670
malloc, f7f0edd7, f7f0eddc, 14
cd3df690
malloc, f7f0eeaf, f7f0eeb4, 24
cd3df6b0
calloc, f7f11b39, f7f11b3e, 80
malloc, f7f1989e, f7f198a3, 80
cd3df6e0
cd3df6e0
calloc, f7f11b39, f7f11b3e, 40
malloc, f7f1989e, f7f198a3, 40
cd3df760
cd3df760
calloc, f7f11b39, f7f11b3e, 120
malloc, f7f1989e, f7f198a3, 120
cd3df7a0
cd3df7a0
calloc, f7f11b39, f7f11b3e, 2b0
malloc, f7f1989e, f7f198a3, 2b0
cd3df8c0
cd3df8c0
calloc, f7f11b39, f7f11b3e, 70
malloc, f7f1989e, f7f198a3, 70
cd3dfb70
cd3dfb70
calloc, f7f01ae8, f7f01aed, 208
malloc, f7f1989e, f7f198a3, 208
cd3dfbe0
cd3dfbe0
malloc, f7f12e83, f7f12e88, c04
cd3dfdf0
calloc, f7f127d2, f7f127d7, 88
malloc, f7f1989e, f7f198a3, 88
cd3e0a00
cd3e0a00
malloc, cd07513c, cd075141, 1000
malloc, cd08a815, cd08a81a, 1000
5723e160
5723e160
calloc, 565a8816, 565a881b, 10
5723f170
calloc, 565a8840, 565a8845, 2000000
ca9af010
calloc, 565a5cbb, 565a5cc0, 20
5723f190
realloc, 565a391d, 565a3922, 5723f170, 20
realloc, cd08aff6, cd08affb, 5723f170, 20
calloc, 565a39a8, 565a39ad, 2
5723f1f0
calloc, 565a5cbb, 565a5cc0, 20
5723f200
realloc, 565a391d, 565a3922, 5723f1c0, 40
calloc, 565a39a8, 565a39ad, 4
5723f280
calloc, 565a5cbb, 565a5cc0, 20
5723f290
realloc, 565a391d, 565a3922, 5723f230, 80
calloc, 565a39a8, 565a39ad, 8
5723f350
calloc, 565a5cbb, 565a5cc0, 20
5723f360
realloc, 565a391d, 565a3922, 5723f2c0, 100
calloc, 565a39a8, 565a39ad, 10
5723f4a0
calloc, 565a5cbb, 565a5cc0, 20
5723f4c0
realloc, 565a391d, 565a3922, 5723f390, 200
calloc, 565a39a8, 565a39ad, 20
5723f700
calloc, 565a5cbb, 565a5cc0, 20
5723f730
realloc, 565a391d, 565a3922, 5723f4f0, 400
calloc, 565a39a8, 565a39ad, 40
5723fb70
calloc, 565a5cbb, 565a5cc0, 20
5723f730
realloc, 565a391d, 565a3922, 5723f760, 800
calloc, 565a39a8, 565a39ad, 80
5723f760
calloc, 565a5cbb, 565a5cc0, 20
5723f730
realloc, 565a391d, 565a3922, 5723fbc0, 1000
calloc, 565a39a8, 565a39ad, 100
5723f7f0
calloc, 565a5cbb, 565a5cc0, 20
5723f730
realloc, 565a391d, 565a3922, 5723fbc0, 2000
calloc, 565a39a8, 565a39ad, 200
5723f900
calloc, 565a5cbb, 565a5cc0, 20
5723f730
realloc, 565a391d, 565a3922, 5723fbc0, 4000
calloc, 565a39a8, 565a39ad, 400
57243bd0
calloc, 565a5cbb, 565a5cc0, 20
5723f730
realloc, 565a391d, 565a3922, 5723fbc0, 8000
calloc, 565a39a8, 565a39ad, 800
57247bd0
calloc, 565a5cbb, 565a5cc0, 20
5723f730
realloc, 565a391d, 565a3922, 5723fbc0, 10000
calloc, 565a39a8, 565a39ad, 1000
5724fbd0
calloc, 565a5cbb, 565a5cc0, 20
5723f730
realloc, 565a391d, 565a3922, 5723fbc0, 20000
calloc, 565a39a8, 565a39ad, 2000
5725fbd0
calloc, 565a5cbb, 565a5cc0, 20
5723f730
realloc, 565a391d, 565a3922, 5723fbc0, 40000
calloc, 565a39a8, 565a39ad, 4000
5727fbd0
calloc, 565a5cbb, 565a5cc0, 20
5723f730
realloc, 565a391d, 565a3922, 5723fbc0, 80000
calloc, 565a39a8, 565a39ad, 8000
5723fbc0
calloc, 565a5cbb, 565a5cc0, 20
5723f730
realloc, 565a391d, 565a3922, 72a2c010, 100000
calloc, 565a39a8, 565a39ad, 10000
5723fbc0
calloc, 565a5cbb, 565a5cc0, 20
5723f730
realloc, 565a391d, 565a3922, 720b2010, 200000
calloc, 565a39a8, 565a39ad, 20000
5723fbc0
calloc, 565a5cbb, 565a5cc0, 20
5723f730
realloc, 565a391d, 565a3922, 71eb1010, 400000
calloc, 565a39a8, 565a39ad, 40000
72a58010
calloc, 565a5cbb, 565a5cc0, 20
5723f730
realloc, 565a391d, 565a3922, 71ab0010, 800000
calloc, 565a39a8, 565a39ad, 80000
71e30010
calloc, 565a5cbb, 565a5cc0, 20
5723f730
realloc, 565a391d, 565a3922, 6c2f9010, 1000000
calloc, 565a39a8, 565a39ad, 100000
6c9f9010
calloc, 565a5cbb, 565a5cc0, 20
5723f730
realloc, 565a391d, 565a3922, 67334010, 2000000
calloc, 565a39a8, 565a39ad, 200000
68134010
calloc, 565a8f39, 565a8f3e, 2000000
61e50010
calloc, 565a8f39, 565a8f3e, 2000000
5d453010
calloc, 565a8f39, 565a8f3e, 2000000
61e50010
calloc, 565a8f39, 565a8f3e, 2000000
5d453010
calloc, 565a8f39, 565a8f3e, 2000000
61e50010
calloc, 565a8f39, 565a8f3e, 2000000
5d453010
calloc, 565a8f39, 565a8f3e, 2000000
61e50010
calloc, 565a8f39, 565a8f3e, 2000000
5d453010
calloc, 565a8f39, 565a8f3e, 2000000
61e50010
calloc, 565a8f39, 565a8f3e, 2000000
5d453010
calloc, 565a8f39, 565a8f3e, 2000000
5b26a010
calloc, 565a8f39, 565a8f3e, 2000000
5d453010
calloc, 565a8f39, 565a8f3e, 2000000
5b26a010
calloc, 565a8f39, 565a8f3e, 2000000
5d453010
calloc, 565a8f39, 565a8f3e, 2000000
5b26a010
calloc, 565a8f39, 565a8f3e, 2000000
5d453010
calloc, 565a8f39, 565a8f3e, 2000000
5b26a010
calloc, 565a8f39, 565a8f3e, 2000000
5d453010
calloc, 565a8f39, 565a8f3e, 2000000
5b26a010
calloc, 565a8f39, 565a8f3e, 2000000
5d453010
calloc, 565a8f39, 565a8f3e, 2000000
5b26a010
calloc, 565a8f39, 565a8f3e, 2000000
5d453010
calloc, 565a8f39, 565a8f3e, 2000000
5b26a010
calloc, 565a8f39, 565a8f3e, 2000000
5d453010
calloc, 565a8f39, 565a8f3e, 10ea0c0
5c180010
calloc, 565a8f39, 565a8f3e, 83a820
62323010
calloc, 565a8f39, 565a8f3e, 3a8380
61f79010
calloc, 565a8f39, 565a8f3e, ea0e0
62a73010
calloc, 565a8f39, 565a8f3e, ea0e0
62988010
calloc, 565a8f39, 565a8f3e, ea0e0
62a73010
calloc, 565a8f39, 565a8f3e, ea0e0
62988010
calloc, 565a8f39, 565a8f3e, ea0e0
62a73010
calloc, 565a8f39, 565a8f3e, 75070
629fd010
calloc, 565a8f39, 565a8f3e, 75070
62ae8010
calloc, 565a8f39, 565a8f3e, 75070
5723fbc0
calloc, 565a5cbb, 565a5cc0, 20
5723f730
realloc, 565a391d, 565a3922, 5723fbc0, ea0e0
calloc, 565a39a8, 565a39ad, ea0e
5723fbc0
calloc, 565a5cbb, 565a5cc0, 20
5723f730
realloc, 565a391d, 565a3922, 62a70010, 1d41c0
calloc, 565a39a8, 565a39ad, 1d41c
5723fbc0
calloc, 565a5cbb, 565a5cc0, 20
5723f730
realloc, 565a391d, 565a3922, 62876010, 3a8380
calloc, 565a39a8, 565a39ad, 3a838
5723fbc0
calloc, 565a5cbb, 565a5cc0, 20
5723f730
realloc, 565a391d, 565a3922, 624cd010, 750700
calloc, 565a39a8, 565a39ad, 75070
5723fbc0
calloc, 565a5cbb, 565a5cc0, 20
5723f730
realloc, 565a391d, 565a3922, 5ed03010, ea0e00
calloc, 565a39a8, 565a39ad, ea0e0
62a70010
calloc, 565a5cbb, 565a5cc0, 20
5723f730
realloc, 565a391d, 565a3922, 5de62010, 1000000
calloc, 565a39a8, 565a39ad, 100000
6294a010
realloc, 565a3d3e, 565a3d43, 5de62010, fcaf90
calloc, 565a5cbb, 565a5cc0, 20
5723f730
realloc, 565a391d, 565a3922, 5de62010, fd5f20
calloc, 565a39a8, 565a39ad, fd5f2
6294d010
realloc, 565a3d3e, 565a3d43, 5de62010, fc0eb0
calloc, 565a5cbb, 565a5cc0, 20
5723f730
realloc, 565a391d, 565a3922, 5de62010, fe1d60
calloc, 565a39a8, 565a39ad, fe1d6
6294c010
realloc, 565a3d3e, 565a3d43, 5de62010, fdccf0
calloc, 565a5cbb, 565a5cc0, 20
5723f730
realloc, 565a391d, 565a3922, 5de62010, 1000000
calloc, 565a39a8, 565a39ad, 100000
6294a010
realloc, 565a3d3e, 565a3d43, 5de62010, ffd070
calloc, 565a5cbb, 565a5cc0, 20
5723f730
realloc, 565a391d, 565a3922, 5de62010, 1000000
calloc, 565a39a8, 565a39ad, 100000
6294a010
realloc, 565a3d3e, 565a3d43, 5de62010, ff9070
calloc, 565a5cbb, 565a5cc0, 20
5723f730
realloc, 565a391d, 565a3922, 5de62010, ffc1c0
calloc, 565a39a8, 565a39ad, ffc1c
6294b010
realloc, 565a3d3e, 565a3d43, 5de62010, ff4f90
calloc, 565a5cbb, 565a5cc0, 20
5723f730
realloc, 565a391d, 565a3922, 5de62010, fffac0
calloc, 565a39a8, 565a39ad, fffac
6294b010
realloc, 565a3d3e, 565a3d43, 5de62010, fffa50
calloc, 565a5cbb, 565a5cc0, 20
5723f730
realloc, 565a391d, 565a3922, 5de62010, 1000000
calloc, 565a39a8, 565a39ad, 100000
6294a010
realloc, 565a3d3e, 565a3d43, 5de62010, ff24f0
calloc, 565a5cbb, 565a5cc0, 20
5723f730
realloc, 565a391d, 565a3922, 5de62010, ff3fa0
calloc, 565a39a8, 565a39ad, ff3fa
6294b010
realloc, 565a3d3e, 565a3d43, 5de62010, fe7c70
calloc, 565a5cbb, 565a5cc0, 20
5723f730
realloc, 565a391d, 565a3922, 5de62010, fed0e0
calloc, 565a39a8, 565a39ad, fed0e
6294c010
realloc, 565a3d3e, 565a3d43, 5de62010, fdac90
calloc, 565a5cbb, 565a5cc0, 20
5723f730
realloc, 565a391d, 565a3922, 5de62010, fead60
calloc, 565a39a8, 565a39ad, fead6
6294c010
realloc, 565a3d3e, 565a3d43, 5de62010, fcb450
calloc, 565a5cbb, 565a5cc0, 20
5723f730
realloc, 565a391d, 565a3922, 5de62010, ff92e0
calloc, 565a39a8, 565a39ad, ff92e
6294b010
realloc, 565a3d3e, 565a3d43, 5de62010, fbfc50
calloc, 565a5cbb, 565a5cc0, 20
5723f730
realloc, 565a391d, 565a3922, 5de62010, fd1500
calloc, 565a39a8, 565a39ad, fd150
6294d010
realloc, 565a3d3e, 565a3d43, 5de62010, f9abd0
calloc, 565a5cbb, 565a5cc0, 20
5723f730
realloc, 565a391d, 565a3922, 5de62010, fcd520
calloc, 565a39a8, 565a39ad, fcd52
6294e010
realloc, 565a3d3e, 565a3d43, 5de62010, f6b9e0
calloc, 565a5cbb, 565a5cc0, 20
5723f730
realloc, 565a391d, 565a3922, 5de62010, 1000000
calloc, 565a39a8, 565a39ad, 100000
6294a010
realloc, 565a3d3e, 565a3d43, 5de62010, f36180
calloc, 565a5cbb, 565a5cc0, 20
5723f730
realloc, 565a391d, 565a3922, 5de62010, 1e6c300
calloc, 565a39a8, 565a39ad, 1e6c30
62864010
realloc, 565a3d3e, 565a3d43, 5b3fe010, 1dc4860
